{"cameraMode":{"drawMode":0,"name":"Shaded","section":"Shading Mode"},"sceneLighting":false,"audioPlay":false,"sceneViewState":{"showFog":true,"showMaterialUpdate":false,"showSkybox":false,"showFlares":true,"showImageEffects":true,"showParticleSystems":true},"in2DMode":false,"pivot":{"x":3.2250001430511476,"y":5.063411235809326,"z":-1.762933373451233},"rotation":{"x":-0.01318319234997034,"y":0.031488098204135898,"z":0.0004152170440647751,"w":0.999419093132019},"size":14.396791458129883,"orthographic":false}