{"cameraMode":{"drawMode":0,"name":"Shaded","section":"Shading Mode"},"sceneLighting":false,"audioPlay":false,"sceneViewState":{"showFog":true,"showMaterialUpdate":false,"showSkybox":false,"showFlares":true,"showImageEffects":true,"showParticleSystems":true},"in2DMode":false,"pivot":{"x":0.1899999976158142,"y":0.28365564346313479,"z":-10.312562942504883},"rotation":{"x":-0.18482322990894319,"y":0.06539607048034668,"z":-0.012326967902481556,"w":-0.9805163145065308},"size":2.8578836917877199,"orthographic":false}