{"cameraMode":{"drawMode":0,"name":"Shaded","section":"Shading Mode"},"sceneLighting":false,"audioPlay":false,"sceneViewState":{"showFog":true,"showMaterialUpdate":false,"showSkybox":false,"showFlares":true,"showImageEffects":true,"showParticleSystems":true},"in2DMode":false,"pivot":{"x":-3.307003974914551,"y":-1.0099999904632569,"z":1.2699999809265137},"rotation":{"x":-0.18482322990894319,"y":0.06539607048034668,"z":-0.012326967902481556,"w":-0.9805163145065308},"size":0.8193514347076416,"orthographic":false}