{"cameraMode":{"drawMode":0,"name":"Shaded","section":"Shading Mode"},"sceneLighting":false,"audioPlay":false,"sceneViewState":{"showFog":true,"showMaterialUpdate":false,"showSkybox":false,"showFlares":true,"showImageEffects":true,"showParticleSystems":true},"in2DMode":false,"pivot":{"x":-3.5510785579681398,"y":-0.3132326602935791,"z":-1.2400000095367432},"rotation":{"x":-0.18482322990894319,"y":0.06539607048034668,"z":-0.012326967902481556,"w":-0.9805163145065308},"size":2.857884645462036,"orthographic":false}