{"cameraMode":{"drawMode":0,"name":"Shaded","section":"Shading Mode"},"sceneLighting":true,"audioPlay":false,"sceneViewState":{"showFog":true,"showMaterialUpdate":false,"showSkybox":true,"showFlares":true,"showImageEffects":true,"showParticleSystems":true},"in2DMode":false,"pivot":{"x":-3.307003974914551,"y":-5.080984115600586,"z":0.8337860107421875},"rotation":{"x":-0.18482322990894319,"y":0.06539607048034668,"z":-0.012326967902481556,"w":-0.9805163145065308},"size":22.0,"orthographic":false}